{
	"info": {
		"_postman_id": "2f23c1e0-94a5-4a85-b67c-3c4f7f24540b",
		"name": "Sofka",
		"schema": "https://schema.getpostman.com/json/collection/v2.1.0/collection.json"
	},
	"item": [
		{
			"name": "GetClientes",
			"request": {
				"method": "POST",
				"header": [],
				"body": {
					"mode": "raw",
					"raw": "{\r\n  \"identificacion\": \"0921541729\"\r\n}",
					"options": {
						"raw": {
							"language": "json"
						}
					}
				},
				"url": {
					"raw": "https://localhost:7194/api/Clientes/GetClientes",
					"protocol": "https",
					"host": [
						"localhost"
					],
					"port": "7194",
					"path": [
						"api",
						"Clientes",
						"GetClientes"
					]
				}
			},
			"response": []
		},
		{
			"name": "PostClientes",
			"request": {
				"method": "POST",
				"header": [],
				"body": {
					"mode": "raw",
					"raw": "{\r\n  \"nombre\": \"Juan Osorio\",\r\n  \"genero\": \"M\",\r\n  \"edad\": 30,\r\n  \"identificacion\": \"0921541315\",\r\n  \"direccion\": \"13 junio y Equinoccial\",\r\n  \"telefono\": \"098874587\",\r\n  \"contraseña\": \"5678\",\r\n  \"estado\": true\r\n}",
					"options": {
						"raw": {
							"language": "json"
						}
					}
				},
				"url": {
					"raw": "https://localhost:7194/api/Clientes/PostClientes",
					"protocol": "https",
					"host": [
						"localhost"
					],
					"port": "7194",
					"path": [
						"api",
						"Clientes",
						"PostClientes"
					]
				}
			},
			"response": []
		},
		{
			"name": "PutCliente",
			"request": {
				"method": "PUT",
				"header": [],
				"body": {
					"mode": "raw",
					"raw": "{\r\n  \"id\": 5,\r\n  \"nombre\": \"Hector Ramirez\",\r\n  \"genero\": \"M\",\r\n  \"edad\": 28,\r\n  \"identificacion\": \"0921541729\",\r\n  \"direccion\": \"Brisas del rio\",\r\n  \"telefono\": \"0988162928\",\r\n  \"contraseña\": \"32165\",\r\n  \"estado\": true\r\n}",
					"options": {
						"raw": {
							"language": "json"
						}
					}
				},
				"url": {
					"raw": "https://localhost:7194/api/Clientes/PutClientes",
					"protocol": "https",
					"host": [
						"localhost"
					],
					"port": "7194",
					"path": [
						"api",
						"Clientes",
						"PutClientes"
					]
				}
			},
			"response": []
		},
		{
			"name": "DeleteCliente",
			"request": {
				"method": "DELETE",
				"header": [],
				"body": {
					"mode": "raw",
					"raw": "{\r\n  \"id\": 5,\r\n  \"nombre\": \"string\",\r\n  \"genero\": \"string\",\r\n  \"edad\": 0,\r\n  \"identificacion\": \"string\",\r\n  \"direccion\": \"string\",\r\n  \"telefono\": \"string\",\r\n  \"contraseña\": \"string\",\r\n  \"estado\": true\r\n}",
					"options": {
						"raw": {
							"language": "json"
						}
					}
				},
				"url": {
					"raw": "https://localhost:7194/api/Clientes/DeleteClientes",
					"protocol": "https",
					"host": [
						"localhost"
					],
					"port": "7194",
					"path": [
						"api",
						"Clientes",
						"DeleteClientes"
					]
				}
			},
			"response": []
		},
		{
			"name": "PostCuenta",
			"request": {
				"method": "POST",
				"header": [],
				"body": {
					"mode": "raw",
					"raw": "{\r\n  \"cuentaId\": 0,\r\n  \"identificacion\": \"string\",\r\n  \"numeroCuenta\": 10236528,\r\n  \"tipoCuenta\": \"Ahorro\",\r\n  \"saldoInicial\": 2000,\r\n  \"estado\": \"1\",\r\n  \"clienteId\": 5\r\n}",
					"options": {
						"raw": {
							"language": "json"
						}
					}
				},
				"url": {
					"raw": "https://localhost:7194/api/Cuenta/PostCuenta",
					"protocol": "https",
					"host": [
						"localhost"
					],
					"port": "7194",
					"path": [
						"api",
						"Cuenta",
						"PostCuenta"
					]
				}
			},
			"response": []
		},
		{
			"name": "GetCuenta",
			"request": {
				"method": "POST",
				"header": [],
				"body": {
					"mode": "raw",
					"raw": "{\r\n  \"cuentaId\": 0,\r\n  \"identificacion\": \"0921541728\",\r\n  \"numeroCuenta\": 0,\r\n  \"tipoCuenta\": \"string\",\r\n  \"saldoInicial\": 0,\r\n  \"estado\": \"string\",\r\n  \"clienteId\": 0\r\n}",
					"options": {
						"raw": {
							"language": "json"
						}
					}
				},
				"url": {
					"raw": "https://localhost:7194/api/Cuenta/GetCuenta",
					"protocol": "https",
					"host": [
						"localhost"
					],
					"port": "7194",
					"path": [
						"api",
						"Cuenta",
						"GetCuenta"
					]
				}
			},
			"response": []
		},
		{
			"name": "PutCuenta",
			"request": {
				"method": "PUT",
				"header": [],
				"body": {
					"mode": "raw",
					"raw": "{\r\n  \"cuentaId\": 4,\r\n  \"identificacion\": \"string\",\r\n  \"numeroCuenta\": 225487,\r\n  \"tipoCuenta\": \"Ahorro\",\r\n  \"saldoInicial\": 6000,\r\n  \"estado\": \"1\",\r\n  \"clienteId\": 0\r\n}",
					"options": {
						"raw": {
							"language": "json"
						}
					}
				},
				"url": {
					"raw": "https://localhost:7194/api/Cuenta/PutCuenta",
					"protocol": "https",
					"host": [
						"localhost"
					],
					"port": "7194",
					"path": [
						"api",
						"Cuenta",
						"PutCuenta"
					]
				}
			},
			"response": []
		},
		{
			"name": "deleteCuenta",
			"request": {
				"method": "DELETE",
				"header": [],
				"body": {
					"mode": "raw",
					"raw": "{\r\n  \"cuentaId\": 4,\r\n  \"identificacion\": \"string\",\r\n  \"numeroCuenta\": 0,\r\n  \"tipoCuenta\": \"string\",\r\n  \"saldoInicial\": 0,\r\n  \"estado\": \"string\",\r\n  \"clienteId\": 0\r\n}",
					"options": {
						"raw": {
							"language": "json"
						}
					}
				},
				"url": {
					"raw": "https://localhost:7194/api/Cuenta/DeleteCuenta",
					"protocol": "https",
					"host": [
						"localhost"
					],
					"port": "7194",
					"path": [
						"api",
						"Cuenta",
						"DeleteCuenta"
					]
				}
			},
			"response": []
		},
		{
			"name": "PostMovimiento",
			"request": {
				"method": "POST",
				"header": [],
				"body": {
					"mode": "raw",
					"raw": "{\r\n  \"fecha\": 20241014,\r\n  \"tipoMovimiento\": \"Retiro\",\r\n  \"valor\": -500,\r\n  \"saldo\": 0,\r\n  \"cuentaNumero\": 225487\r\n}",
					"options": {
						"raw": {
							"language": "json"
						}
					}
				},
				"url": {
					"raw": "https://localhost:7194/api/Movimiento/PostMovimiento",
					"protocol": "https",
					"host": [
						"localhost"
					],
					"port": "7194",
					"path": [
						"api",
						"Movimiento",
						"PostMovimiento"
					]
				}
			},
			"response": []
		},
		{
			"name": "GetMovimiento",
			"request": {
				"method": "POST",
				"header": [],
				"body": {
					"mode": "raw",
					"raw": "{\r\n  \"fecha\": 20241014,\r\n  \"tipoMovimiento\": \"string\",\r\n  \"valor\": 0,\r\n  \"saldo\": 0,\r\n  \"cuentaNumero\": 225487\r\n}",
					"options": {
						"raw": {
							"language": "json"
						}
					}
				},
				"url": {
					"raw": "https://localhost:7194/api/Movimiento/GetMovimiento",
					"protocol": "https",
					"host": [
						"localhost"
					],
					"port": "7194",
					"path": [
						"api",
						"Movimiento",
						"GetMovimiento"
					]
				}
			},
			"response": []
		}
	]
}